[{"_id": "600e70725722d7fa6ed14041", "date": "2021-01-23", "auditoriums": [{"name": "312", "classes": [{"members": ["idprodma@miem.hse.ru", "aikatsnelson@miem.hse.ru", "dkorolev@miem.hse.ru", "vssargsyan@miem.hse.ru", "kvprokudina@miem.hse.ru", "teprotasov@miem.hse.ru", "npgoncharov@miem.hse.ru", "dafetisov@miem.hse.ru", "arzamaliev@miem.hse.ru", "yansavin@miem.hse.ru", "nseliseev@miem.hse.ru", "dprusnak@miem.hse.ru", "pmfeklistova@miem.hse.ru", "vvbestaeva@miem.hse.ru", "mmkolpakov@miem.hse.ru", "gkmakotchenko@miem.hse.ru", "niosintsev@miem.hse.ru", "tdrykova@miem.hse.ru", "aaivoninskaya@miem.hse.ru", "dvkostikov@miem.hse.ru", "apmarkin@miem.hse.ru", "vaogay@miem.hse.ru", "eigaliakhmedov@miem.hse.ru", "adshatskiy@miem.hse.ru"], "maxSync": 24, "maxSession": 75.983, "stream": "\u041f\u0421_\u04112020_\u0418\u0412\u0422\u0425_3#\u0413#\u041f\u0440\u043e\u0435\u043a\u0442\u043d\u044b\u0439 \u0441\u0435\u043c\u0438\u043d\u0430\u0440 (1 \u043a\u0443\u0440\u0441)", "discipline": "\u041f\u0440\u043e\u0435\u043a\u0442\u043d\u044b\u0439 \u0441\u0435\u043c\u0438\u043d\u0430\u0440 (1 \u043a\u0443\u0440\u0441) (\u0440\u0443\u0441)", "kindOfWork": "\u041d\u0430\u0443\u0447\u043d\u043e-\u0438\u0441\u0441\u043b\u0435\u0434\u043e\u0432\u0430\u0442\u0435\u043b\u044c\u0441\u043a\u0438\u0439 \u0441\u0435\u043c\u0438\u043d\u0430\u0440 on-line", "lecturer": "\u0434\u043e\u0446. \u041a\u043e\u0440\u043e\u043b\u0435\u0432 \u0414\u0435\u043d\u0438\u0441 \u0410\u043b\u0435\u043a\u0441\u0430\u043d\u0434\u0440\u043e\u0432\u0438\u0447", "classTime": "09:30-10:50"}, {"members": ["savoronova@miem.hse.ru", "kamedvedev@miem.hse.ru", "aaziazetdinov@miem.hse.ru", "isglukhov@miem.hse.ru", "gvvasilev_2@miem.hse.ru", "dkorolev@miem.hse.ru", "makofanova@miem.hse.ru", "vonikitin@miem.hse.ru", "aschuvaeva_1@miem.hse.ru", "aafadeeva_4@miem.hse.ru", "vvgorovoy@miem.hse.ru", "aamarkin_4@miem.hse.ru", "avkalyuzhnyy_1@miem.hse.ru", "astuytsyn@miem.hse.ru", "fvkamenev@miem.hse.ru", "kamatanov@miem.hse.ru", "msskriplyonok@miem.hse.ru", "gapisarev@miem.hse.ru", "aiafonin_1@miem.hse.ru", "inbarulin@miem.hse.ru", "sdastashov@miem.hse.ru", "pkkudryavtsev@miem.hse.ru", "dvbeganov@miem.hse.ru", "prybakov@miem.hse.ru"], "maxSync": 24, "maxSession": 77.667, "stream": "\u041f\u0421_\u04112020_\u0418\u0412\u0422\u0425_2#\u0413#\u041f\u0440\u043e\u0435\u043a\u0442\u043d\u044b\u0439 \u0441\u0435\u043c\u0438\u043d\u0430\u0440 (1 \u043a\u0443\u0440\u0441)", "discipline": "\u041f\u0440\u043e\u0435\u043a\u0442\u043d\u044b\u0439 \u0441\u0435\u043c\u0438\u043d\u0430\u0440 (1 \u043a\u0443\u0440\u0441) (\u0440\u0443\u0441)", "kindOfWork": "\u041d\u0430\u0443\u0447\u043d\u043e-\u0438\u0441\u0441\u043b\u0435\u0434\u043e\u0432\u0430\u0442\u0435\u043b\u044c\u0441\u043a\u0438\u0439 \u0441\u0435\u043c\u0438\u043d\u0430\u0440 on-line", "lecturer": "\u0434\u043e\u0446. \u041a\u043e\u0440\u043e\u043b\u0435\u0432 \u0414\u0435\u043d\u0438\u0441 \u0410\u043b\u0435\u043a\u0441\u0430\u043d\u0434\u0440\u043e\u0432\u0438\u0447", "classTime": "11:10-12:30"}, {"members": ["serakhmankulova@miem.hse.ru", "yaoaleksashkin@miem.hse.ru", "mbkhasanov@miem.hse.ru", "narybakovskiy@miem.hse.ru", "aagorbuntsov@miem.hse.ru", "pazaderey@miem.hse.ru", "avnovikov_4@miem.hse.ru", "saloshkarev@miem.hse.ru", "dkorolev@miem.hse.ru", "askurganskaya_1@miem.hse.ru", "dmbobrova@miem.hse.ru", "ryudyakonov@miem.hse.ru", "vazaramenskikh@miem.hse.ru", "ndkarmanova@miem.hse.ru", "ifaglyamov@miem.hse.ru", "nakonchits@miem.hse.ru", "mdsamorodin@miem.hse.ru", "dabarkin@miem.hse.ru", "agsayfulin@miem.hse.ru", "iluchnikov@miem.hse.ru", "mvsennikov@miem.hse.ru", "iatarasenko@miem.hse.ru", "pdblinov@miem.hse.ru", "dakorolev_1@miem.hse.ru", "aalapin_2@miem.hse.ru", "aspivovarov@miem.hse.ru", "drgaynelyanov@miem.hse.ru", "gstsaturyan@miem.hse.ru", "naproshak@miem.hse.ru", "imgusev@miem.hse.ru", "dgkomarov@miem.hse.ru", "vdmakagonova@miem.hse.ru", "shtvaliev@miem.hse.ru"], "maxSync": 23, "maxSession": 80, "stream": "\u041f\u0421_\u04112020_\u0418\u0412\u0422\u0425_4#\u0413#\u041f\u0440\u043e\u0435\u043a\u0442\u043d\u044b\u0439 \u0441\u0435\u043c\u0438\u043d\u0430\u0440 (1 \u043a\u0443\u0440\u0441)", "discipline": "\u041f\u0440\u043e\u0435\u043a\u0442\u043d\u044b\u0439 \u0441\u0435\u043c\u0438\u043d\u0430\u0440 (1 \u043a\u0443\u0440\u0441) (\u0440\u0443\u0441)", "kindOfWork": "\u041d\u0430\u0443\u0447\u043d\u043e-\u0438\u0441\u0441\u043b\u0435\u0434\u043e\u0432\u0430\u0442\u0435\u043b\u044c\u0441\u043a\u0438\u0439 \u0441\u0435\u043c\u0438\u043d\u0430\u0440", "lecturer": "\u043f\u0440\u0435\u043f. \u0420\u044b\u0431\u0430\u043a\u043e\u0432 \u041f\u0435\u0442\u0440 \u0412\u043b\u0430\u0434\u0438\u043c\u0438\u0440\u043e\u0432\u0438\u0447", "classTime": "14:40-16:00"}, {"members": ["limiroshnichenko@miem.hse.ru", "kagordeeva_1@miem.hse.ru", "amsheynkin@miem.hse.ru", "drsmirnov@miem.hse.ru", "ayuzakharov@miem.hse.ru", "daryabova@miem.hse.ru", "dskostrov@miem.hse.ru", "maanisimov_1@miem.hse.ru", "nrzhdanova@miem.hse.ru", "rrnasyrova@miem.hse.ru", "niboblak@miem.hse.ru", "evdruschenko@miem.hse.ru", "dkorolev@miem.hse.ru", "gakondrachenkov@miem.hse.ru", "daguznyaev@miem.hse.ru", "aapardaev_1@miem.hse.ru", "eashabalin@miem.hse.ru", "arsemenov@miem.hse.ru", "maternov@miem.hse.ru", "ssmassoud@miem.hse.ru", "ddrustamova@miem.hse.ru", "dbashinskiy@miem.hse.ru", "tzhayrapetyan@miem.hse.ru", "adandronchev@miem.hse.ru", "kdfrolov@miem.hse.ru", "msonuchin@miem.hse.ru", "aenepomnyaschiy@miem.hse.ru", "mdkolodin@miem.hse.ru"], "maxSync": 27, "maxSession": 80, "stream": "\u041f\u0421_\u04112020_\u0418\u0412\u0422\u0425_5#\u0413#\u041f\u0440\u043e\u0435\u043a\u0442\u043d\u044b\u0439 \u0441\u0435\u043c\u0438\u043d\u0430\u0440 (1 \u043a\u0443\u0440\u0441)", "discipline": "\u041f\u0440\u043e\u0435\u043a\u0442\u043d\u044b\u0439 \u0441\u0435\u043c\u0438\u043d\u0430\u0440 (1 \u043a\u0443\u0440\u0441) (\u0440\u0443\u0441)", "kindOfWork": "\u041d\u0430\u0443\u0447\u043d\u043e-\u0438\u0441\u0441\u043b\u0435\u0434\u043e\u0432\u0430\u0442\u0435\u043b\u044c\u0441\u043a\u0438\u0439 \u0441\u0435\u043c\u0438\u043d\u0430\u0440", "lecturer": "\u043f\u0440\u0435\u043f. \u0420\u044b\u0431\u0430\u043a\u043e\u0432 \u041f\u0435\u0442\u0440 \u0412\u043b\u0430\u0434\u0438\u043c\u0438\u0440\u043e\u0432\u0438\u0447", "classTime": "16:20-17:40"}]}, {"name": "607", "classes": [{"members": ["dkorolev@miem.hse.ru", "naproshak@miem.hse.ru", "pschuyan@miem.hse.ru", "kyushumkova@miem.hse.ru", "ryudyakonov@miem.hse.ru", "aachirukhina@miem.hse.ru", "dabarkin@miem.hse.ru", "kvloskutov@miem.hse.ru", "kkgaluzina@miem.hse.ru", "pdblinov@miem.hse.ru", "fdkuzenkov@miem.hse.ru", "nvkuznetsov_3@miem.hse.ru", "aachulaevskiy@miem.hse.ru"], "maxSync": 11, "maxSession": 34.433, "stream": "\u041f\u0421_\u04112020_\u0418\u0412\u0422\u0425_6#\u0413#\u041f\u0440\u043e\u0435\u043a\u0442\u043d\u044b\u0439 \u0441\u0435\u043c\u0438\u043d\u0430\u0440 (1 \u043a\u0443\u0440\u0441)", "discipline": "\u041f\u0440\u043e\u0435\u043a\u0442\u043d\u044b\u0439 \u0441\u0435\u043c\u0438\u043d\u0430\u0440 (1 \u043a\u0443\u0440\u0441) (\u0440\u0443\u0441)", "kindOfWork": "\u041d\u0430\u0443\u0447\u043d\u043e-\u0438\u0441\u0441\u043b\u0435\u0434\u043e\u0432\u0430\u0442\u0435\u043b\u044c\u0441\u043a\u0438\u0439 \u0441\u0435\u043c\u0438\u043d\u0430\u0440", "lecturer": "\u043f\u0440\u0435\u043f. \u0420\u044b\u0431\u0430\u043a\u043e\u0432 \u041f\u0435\u0442\u0440 \u0412\u043b\u0430\u0434\u0438\u043c\u0438\u0440\u043e\u0432\u0438\u0447", "classTime": "13:00-14:20"}]}]}, {"_id": "600fbaf092a2918e1c5efedb", "date": "2021-01-25", "auditoriums": [{"name": "312", "classes": [{"members": ["dmbobrova@miem.hse.ru", "aooschepkov@miem.hse.ru", "fdkuzenkov@miem.hse.ru", "ssavdeyuk@miem.hse.ru", "aagorbuntsov@miem.hse.ru", "esmarkova_1@miem.hse.ru", "mvsennikov@miem.hse.ru", "mdsamorodin@miem.hse.ru", "iatarasenko@miem.hse.ru", "ldpopov@miem.hse.ru", "dkorolev@miem.hse.ru", "yaoaleksashkin@miem.hse.ru", "ifaglyamov@miem.hse.ru", "aepodguk@miem.hse.ru", "askurganskaya_1@miem.hse.ru", "shtvaliev@miem.hse.ru", "nvtukhlin@miem.hse.ru", "esaleshina_1@miem.hse.ru", "aakravtsov@miem.hse.ru", "serakhmankulova@miem.hse.ru", "vyumoiseenkov@miem.hse.ru", "kamalyshkina@miem.hse.ru", "askuzmin_1@miem.hse.ru", "saloshkarev@miem.hse.ru", "iluchnikov@miem.hse.ru", "aspivovarov@miem.hse.ru", "dgkomarov@miem.hse.ru", "gstsaturyan@miem.hse.ru", "kamedvedev@miem.hse.ru", "michubarov@miem.hse.ru", "avnovikov_4@miem.hse.ru", "vyugorbacheva@miem.hse.ru", "drgaynelyanov@miem.hse.ru", "inlevanov@miem.hse.ru", "svsoldatov@miem.hse.ru", "lshkamarov@miem.hse.ru", "dakorolev_1@miem.hse.ru", "vdmakagonova@miem.hse.ru", "iitsyganov@miem.hse.ru", "pagavrilova@miem.hse.ru", "kdkorunyak@miem.hse.ru", "vazaramenskikh@miem.hse.ru", "nakonchits@miem.hse.ru", "narybakovskiy@miem.hse.ru"], "maxSync": 41, "maxSession": 80, "stream": "\u041f\u0421_\u04112020_\u0418\u0412\u0422\u0425_4#\u0413#\u041f\u0440\u043e\u0435\u043a\u0442\u043d\u044b\u0439 \u0441\u0435\u043c\u0438\u043d\u0430\u0440 (1 \u043a\u0443\u0440\u0441)", "discipline": "\u041f\u0440\u043e\u0435\u043a\u0442\u043d\u044b\u0439 \u0441\u0435\u043c\u0438\u043d\u0430\u0440 (1 \u043a\u0443\u0440\u0441) (\u0440\u0443\u0441)", "kindOfWork": "\u041d\u0430\u0443\u0447\u043d\u043e-\u0438\u0441\u0441\u043b\u0435\u0434\u043e\u0432\u0430\u0442\u0435\u043b\u044c\u0441\u043a\u0438\u0439 \u0441\u0435\u043c\u0438\u043d\u0430\u0440", "lecturer": "\u043f\u0440\u0435\u043f. \u0420\u044b\u0431\u0430\u043a\u043e\u0432 \u041f\u0435\u0442\u0440 \u0412\u043b\u0430\u0434\u0438\u043c\u0438\u0440\u043e\u0432\u0438\u0447", "classTime": "16:20-17:40"}, {"members": ["adandronchev@miem.hse.ru", "kamatanov@miem.hse.ru", "mdkolodin@miem.hse.ru", "msonuchin@miem.hse.ru", "kdfrolov@miem.hse.ru", "astuytsyn@miem.hse.ru", "vonikitin@miem.hse.ru", "limiroshnichenko@miem.hse.ru", "gapisarev@miem.hse.ru", "ddrustamova@miem.hse.ru", "dvbeganov@miem.hse.ru", "inbarulin@miem.hse.ru", "matarasova_7@miem.hse.ru", "fvkamenev@miem.hse.ru", "ssmassoud@miem.hse.ru", "dkorolev@miem.hse.ru", "makofanova@miem.hse.ru", "sdastashov@miem.hse.ru", "aapardaev_1@miem.hse.ru", "pkkudryavtsev@miem.hse.ru", "niboblak@miem.hse.ru", "savoronova@miem.hse.ru", "evdruschenko@miem.hse.ru", "amsheynkin@miem.hse.ru", "msskriplyonok@miem.hse.ru", "rrnasyrova@miem.hse.ru", "drsmirnov@miem.hse.ru", "aschuvaeva_1@miem.hse.ru", "aamarkin_4@miem.hse.ru", "aaziazetdinov@miem.hse.ru", "kamedvedev@miem.hse.ru", "arsemenov@miem.hse.ru", "dbashinskiy@miem.hse.ru", "rigarayshin@miem.hse.ru", "aenepomnyaschiy@miem.hse.ru", "aafadeeva_4@miem.hse.ru", "ayuzakharov@miem.hse.ru", "maanisimov_1@miem.hse.ru", "dsyaschenko@miem.hse.ru", "ayabozhedomov@miem.hse.ru", "maternov@miem.hse.ru", "nzakimov@miem.hse.ru", "isglukhov@miem.hse.ru", "dvpalukha@miem.hse.ru", "dskostrov@miem.hse.ru", "aiafonin_1@miem.hse.ru", "gvvasilev_2@miem.hse.ru", "avkalyuzhnyy_1@miem.hse.ru", "vvgorovoy@miem.hse.ru", "askochkanyan@miem.hse.ru"], "maxSync": 50, "maxSession": 80, "stream": "\u041f\u0421_\u04112020_\u0418\u0412\u0422\u0425_2#\u0413#\u041f\u0440\u043e\u0435\u043a\u0442\u043d\u044b\u0439 \u0441\u0435\u043c\u0438\u043d\u0430\u0440 (1 \u043a\u0443\u0440\u0441)", "discipline": "\u041f\u0440\u043e\u0435\u043a\u0442\u043d\u044b\u0439 \u0441\u0435\u043c\u0438\u043d\u0430\u0440 (1 \u043a\u0443\u0440\u0441) (\u0440\u0443\u0441)", "kindOfWork": "\u041d\u0430\u0443\u0447\u043d\u043e-\u0438\u0441\u0441\u043b\u0435\u0434\u043e\u0432\u0430\u0442\u0435\u043b\u044c\u0441\u043a\u0438\u0439 \u0441\u0435\u043c\u0438\u043d\u0430\u0440 on-line", "lecturer": "\u0434\u043e\u0446. \u041a\u043e\u0440\u043e\u043b\u0435\u0432 \u0414\u0435\u043d\u0438\u0441 \u0410\u043b\u0435\u043a\u0441\u0430\u043d\u0434\u0440\u043e\u0432\u0438\u0447", "classTime": "18:10-19:30"}, {"members": ["adandronchev@miem.hse.ru", "kamatanov@miem.hse.ru", "mdkolodin@miem.hse.ru", "pschuyan@miem.hse.ru", "pigromova@miem.hse.ru", "msonuchin@miem.hse.ru", "adshatskiy@miem.hse.ru", "fdkuzenkov@miem.hse.ru", "vonikitin@miem.hse.ru", "imsalakhov@miem.hse.ru", "arzamaliev@miem.hse.ru", "limiroshnichenko@miem.hse.ru", "gapisarev@miem.hse.ru", "dskostrov@miem.hse.ru", "eashaymardanov@miem.hse.ru", "aachirukhina@miem.hse.ru", "vaogay@miem.hse.ru", "isulanova@miem.hse.ru", "pdblinov@miem.hse.ru", "yansavin@miem.hse.ru", "imsalikhov@miem.hse.ru", "gakondrachenkov@miem.hse.ru", "ddrustamova@miem.hse.ru", "dafetisov@miem.hse.ru", "tdrykova@miem.hse.ru", "inbarulin@miem.hse.ru", "niosintsev@miem.hse.ru", "fvkamenev@miem.hse.ru", "dkorolev@miem.hse.ru", "makofanova@miem.hse.ru", "sdastashov@miem.hse.ru", "makulko@miem.hse.ru", "aikatsnelson@miem.hse.ru", "avsolomenko@miem.hse.ru", "aapardaev_1@miem.hse.ru", "ryudyakonov@miem.hse.ru", "dabarkin@miem.hse.ru", "vvmelnichenko@miem.hse.ru", "nvkuznetsov_3@miem.hse.ru", "kyushumkova@miem.hse.ru", "evdruschenko@miem.hse.ru", "kvloskutov@miem.hse.ru", "amsheynkin@miem.hse.ru", "msskriplyonok@miem.hse.ru", "dprusnak@miem.hse.ru", "rrnasyrova@miem.hse.ru", "nseliseev@miem.hse.ru", "drsmirnov@miem.hse.ru", "aschuvaeva_1@miem.hse.ru", "gvvasilev_2@miem.hse.ru", "agsayfulin@miem.hse.ru", "naproshak@miem.hse.ru", "astuytsyn@miem.hse.ru", "aamarkin_4@miem.hse.ru", "arsemenov@miem.hse.ru", "maisakov@miem.hse.ru", "kamedvedev@miem.hse.ru", "dbashinskiy@miem.hse.ru", "aenepomnyaschiy@miem.hse.ru", "aafadeeva_4@miem.hse.ru", "pazaderey@miem.hse.ru", "ayuzakharov@miem.hse.ru", "dvkostikov@miem.hse.ru", "dsyaschenko@miem.hse.ru", "gkmakotchenko@miem.hse.ru", "kvprokudina@miem.hse.ru", "isglukhov@miem.hse.ru", "dvpalukha@miem.hse.ru", "vssargsyan@miem.hse.ru", "aiafonin_1@miem.hse.ru", "kkgaluzina@miem.hse.ru", "avkalyuzhnyy_1@miem.hse.ru", "teprotasov@miem.hse.ru", "pmfeklistova@miem.hse.ru"], "maxSync": 43, "maxSession": 80, "stream": "\u041f\u0421_\u04112020_\u0418\u0412\u0422\u0425_3#\u0413#\u041f\u0440\u043e\u0435\u043a\u0442\u043d\u044b\u0439 \u0441\u0435\u043c\u0438\u043d\u0430\u0440 (1 \u043a\u0443\u0440\u0441)", "discipline": "\u041f\u0440\u043e\u0435\u043a\u0442\u043d\u044b\u0439 \u0441\u0435\u043c\u0438\u043d\u0430\u0440 (1 \u043a\u0443\u0440\u0441) (\u0440\u0443\u0441)", "kindOfWork": "\u041d\u0430\u0443\u0447\u043d\u043e-\u0438\u0441\u0441\u043b\u0435\u0434\u043e\u0432\u0430\u0442\u0435\u043b\u044c\u0441\u043a\u0438\u0439 \u0441\u0435\u043c\u0438\u043d\u0430\u0440 on-line", "lecturer": "\u0434\u043e\u0446. \u041a\u043e\u0440\u043e\u043b\u0435\u0432 \u0414\u0435\u043d\u0438\u0441 \u0410\u043b\u0435\u043a\u0441\u0430\u043d\u0434\u0440\u043e\u0432\u0438\u0447", "classTime": "19:40-21:00"}]}]}, {"_id": "60192bed2235d57b73571e13", "date": "2021-02-01", "auditoriums": [{"name": "606", "classes": [{"members": ["iaabramov_2@miem.hse.ru", "vvefremov_1@miem.hse.ru", "evstarilova@miem.hse.ru", "ssalibekyan@miem.hse.ru", "aachurakov_2@miem.hse.ru", "amefremov@miem.hse.ru"], "maxSync": 2, "maxSession": 3.1999999999999997, "stream": "\u041f\u0421_\u04112020_\u0418\u0412\u0422\u0425_1#\u0413#\u041f\u0440\u043e\u0435\u043a\u0442\u043d\u044b\u0439 \u0441\u0435\u043c\u0438\u043d\u0430\u0440 (1 \u043a\u0443\u0440\u0441)", "discipline": "\u041f\u0440\u043e\u0435\u043a\u0442\u043d\u044b\u0439 \u0441\u0435\u043c\u0438\u043d\u0430\u0440 (1 \u043a\u0443\u0440\u0441) (\u0440\u0443\u0441)", "kindOfWork": "\u041d\u0430\u0443\u0447\u043d\u043e-\u0438\u0441\u0441\u043b\u0435\u0434\u043e\u0432\u0430\u0442\u0435\u043b\u044c\u0441\u043a\u0438\u0439 \u0441\u0435\u043c\u0438\u043d\u0430\u0440 on-line", "lecturer": "\u0434\u043e\u0446. \u041a\u043e\u0440\u043e\u043b\u0435\u0432 \u0414\u0435\u043d\u0438\u0441 \u0410\u043b\u0435\u043a\u0441\u0430\u043d\u0434\u0440\u043e\u0432\u0438\u0447", "classTime": "16:20-17:40"}]}, {"name": "312", "classes": [{"members": ["aspivovarov@miem.hse.ru", "mdsamorodin@miem.hse.ru", "yaamoskalenko@miem.hse.ru", "vyugorbacheva@miem.hse.ru", "michubarov@miem.hse.ru", "aakravtsov@miem.hse.ru", "dakorolev_1@miem.hse.ru", "vyumoiseenkov@miem.hse.ru", "prybakov@miem.hse.ru", "ldpopov@miem.hse.ru", "aooschepkov@miem.hse.ru", "saloshkarev@miem.hse.ru", "svsoldatov@miem.hse.ru", "aalapin_2@miem.hse.ru", "inlevanov@miem.hse.ru", "dmkanukov@miem.hse.ru", "ifaglyamov@miem.hse.ru", "kamalyshkina@miem.hse.ru", "dmbobrova@miem.hse.ru", "ndkarmanova@miem.hse.ru", "ssavdeyuk@miem.hse.ru", "vvmorozova_1@miem.hse.ru", "lshkamarov@miem.hse.ru", "askuzmin_1@miem.hse.ru", "esmarkova_1@miem.hse.ru", "shtvaliev@miem.hse.ru", "dkorolev@miem.hse.ru", "nakonchits@miem.hse.ru", "pagavrilova@miem.hse.ru", "esaleshina_1@miem.hse.ru", "yaoaleksashkin@miem.hse.ru", "gstsaturyan@miem.hse.ru", "aalimonov_2@miem.hse.ru", "mbkhasanov@miem.hse.ru", "narybakovskiy@miem.hse.ru", "aagorbuntsov@miem.hse.ru", "pazelenev@miem.hse.ru", "yuaostrovskaya@miem.hse.ru", "nvtukhlin@miem.hse.ru", "vazaramenskikh@miem.hse.ru", "mvsennikov@miem.hse.ru", "iatarasenko@miem.hse.ru", "dgkomarov@miem.hse.ru", "kdkorunyak@miem.hse.ru", "askurganskaya_1@miem.hse.ru", "sdastashov@miem.hse.ru", "vdmakagonova@miem.hse.ru", "aepodguk@miem.hse.ru"], "maxSync": 45, "maxSession": 80, "stream": "\u041f\u0421_\u04112020_\u0418\u0412\u0422\u0425_4#\u0413#\u041f\u0440\u043e\u0435\u043a\u0442\u043d\u044b\u0439 \u0441\u0435\u043c\u0438\u043d\u0430\u0440 (1 \u043a\u0443\u0440\u0441)", "discipline": "\u041f\u0440\u043e\u0435\u043a\u0442\u043d\u044b\u0439 \u0441\u0435\u043c\u0438\u043d\u0430\u0440 (1 \u043a\u0443\u0440\u0441) (\u0440\u0443\u0441)", "kindOfWork": "\u041d\u0430\u0443\u0447\u043d\u043e-\u0438\u0441\u0441\u043b\u0435\u0434\u043e\u0432\u0430\u0442\u0435\u043b\u044c\u0441\u043a\u0438\u0439 \u0441\u0435\u043c\u0438\u043d\u0430\u0440", "lecturer": "\u043f\u0440\u0435\u043f. \u0420\u044b\u0431\u0430\u043a\u043e\u0432 \u041f\u0435\u0442\u0440 \u0412\u043b\u0430\u0434\u0438\u043c\u0438\u0440\u043e\u0432\u0438\u0447", "classTime": "16:20-17:40"}, {"members": ["aaziazetdinov@miem.hse.ru", "drsmirnov@miem.hse.ru", "ddrustamova@miem.hse.ru", "kagordeeva_1@miem.hse.ru", "dsyaschenko@miem.hse.ru", "gapisarev@miem.hse.ru", "inbarulin@miem.hse.ru", "arzamaliev@miem.hse.ru", "dbashinskiy@miem.hse.ru", "prybakov@miem.hse.ru", "mdkolodin@miem.hse.ru", "rrnasyrova@miem.hse.ru", "nrzhdanova@miem.hse.ru", "aschuvaeva_1@miem.hse.ru", "ayabozhedomov@miem.hse.ru", "adandronchev@miem.hse.ru", "avkalyuzhnyy_1@miem.hse.ru", "maanisimov_1@miem.hse.ru", "ayuzakharov@miem.hse.ru", "eashabalin@miem.hse.ru", "nzakimov@miem.hse.ru", "limiroshnichenko@miem.hse.ru", "gvvasilev_2@miem.hse.ru", "msonuchin@miem.hse.ru", "rigarayshin@miem.hse.ru", "niboblak@miem.hse.ru", "aiafonin_1@miem.hse.ru", "aafadeeva_4@miem.hse.ru", "kamedvedev@miem.hse.ru", "dkorolev@miem.hse.ru", "amsheynkin@miem.hse.ru", "dafetisov@miem.hse.ru", "kdfrolov@miem.hse.ru", "kamatanov@miem.hse.ru", "makofanova@miem.hse.ru", "aapardaev_1@miem.hse.ru", "arsemenov@miem.hse.ru", "msskriplyonok@miem.hse.ru", "dskostrov@miem.hse.ru", "evdruschenko@miem.hse.ru", "pkkudryavtsev@miem.hse.ru", "maternov@miem.hse.ru", "aamarkin_4@miem.hse.ru", "dvpalukha@miem.hse.ru", "astuytsyn@miem.hse.ru", "tzhayrapetyan@miem.hse.ru", "ssmassoud@miem.hse.ru", "vonikitin@miem.hse.ru", "daguznyaev@miem.hse.ru", "fvkamenev@miem.hse.ru", "kdkorunyak@miem.hse.ru", "vvgorovoy@miem.hse.ru", "savoronova@miem.hse.ru", "askochkanyan@miem.hse.ru", "daryabova@miem.hse.ru"], "maxSync": 52, "maxSession": 80, "stream": "\u041f\u0421_\u04112020_\u0418\u0412\u0422\u0425_2#\u0413#\u041f\u0440\u043e\u0435\u043a\u0442\u043d\u044b\u0439 \u0441\u0435\u043c\u0438\u043d\u0430\u0440 (1 \u043a\u0443\u0440\u0441)", "discipline": "\u041f\u0440\u043e\u0435\u043a\u0442\u043d\u044b\u0439 \u0441\u0435\u043c\u0438\u043d\u0430\u0440 (1 \u043a\u0443\u0440\u0441) (\u0440\u0443\u0441)", "kindOfWork": "\u041d\u0430\u0443\u0447\u043d\u043e-\u0438\u0441\u0441\u043b\u0435\u0434\u043e\u0432\u0430\u0442\u0435\u043b\u044c\u0441\u043a\u0438\u0439 \u0441\u0435\u043c\u0438\u043d\u0430\u0440 on-line", "lecturer": "\u0434\u043e\u0446. \u041a\u043e\u0440\u043e\u043b\u0435\u0432 \u0414\u0435\u043d\u0438\u0441 \u0410\u043b\u0435\u043a\u0441\u0430\u043d\u0434\u0440\u043e\u0432\u0438\u0447", "classTime": "18:10-19:30"}, {"members": ["aaziazetdinov@miem.hse.ru", "dbashinskiy@miem.hse.ru", "arzamaliev@miem.hse.ru", "prybakov@miem.hse.ru", "nrzhdanova@miem.hse.ru", "poyakuba@miem.hse.ru", "tdrykova@miem.hse.ru", "kvloskutov@miem.hse.ru", "msonuchin@miem.hse.ru", "kamedvedev@miem.hse.ru", "aachirukhina@miem.hse.ru", "kdfrolov@miem.hse.ru", "pigromova@miem.hse.ru", "aikatsnelson@miem.hse.ru", "pschuyan@miem.hse.ru", "fdkuzenkov@miem.hse.ru", "pazaderey@miem.hse.ru", "vonikitin@miem.hse.ru", "dvkostikov@miem.hse.ru", "kagordeeva_1@miem.hse.ru", "avkalyuzhnyy_1@miem.hse.ru", "eashabalin@miem.hse.ru", "idprodma@miem.hse.ru", "pmfeklistova@miem.hse.ru", "kvprokudina@miem.hse.ru", "maisakov@miem.hse.ru", "kkgaluzina@miem.hse.ru", "arsemenov@miem.hse.ru", "pkkudryavtsev@miem.hse.ru", "teprotasov@miem.hse.ru", "agsayfulin@miem.hse.ru", "astuytsyn@miem.hse.ru", "ssmassoud@miem.hse.ru", "avsolomenko@miem.hse.ru", "adshatskiy@miem.hse.ru", "ddrustamova@miem.hse.ru", "mmkolpakov@miem.hse.ru", "naproshak@miem.hse.ru", "gapisarev@miem.hse.ru", "eashaymardanov@miem.hse.ru", "isulanova@miem.hse.ru", "yansavin@miem.hse.ru", "maanisimov_1@miem.hse.ru", "vvmelnichenko@miem.hse.ru", "ayuzakharov@miem.hse.ru", "nzakimov@miem.hse.ru", "limiroshnichenko@miem.hse.ru", "aafadeeva_4@miem.hse.ru", "kamatanov@miem.hse.ru", "makofanova@miem.hse.ru", "imsalikhov@miem.hse.ru", "aapardaev_1@miem.hse.ru", "msskriplyonok@miem.hse.ru", "dskostrov@miem.hse.ru", "pdblinov@miem.hse.ru", "tzhayrapetyan@miem.hse.ru", "imsalakhov@miem.hse.ru", "vvgorovoy@miem.hse.ru", "niosintsev@miem.hse.ru", "mvfedotov_1@miem.hse.ru", "azhmaidzhe@miem.hse.ru", "dprusnak@miem.hse.ru", "aaesetov@miem.hse.ru", "gkmakotchenko@miem.hse.ru", "gakondrachenkov@miem.hse.ru", "niboblak@miem.hse.ru", "vaogay@miem.hse.ru", "aiafonin_1@miem.hse.ru", "dafetisov@miem.hse.ru", "dkorolev@miem.hse.ru", "amsheynkin@miem.hse.ru", "vvbestaeva@miem.hse.ru", "ryudyakonov@miem.hse.ru", "eigaliakhmedov@miem.hse.ru", "maternov@miem.hse.ru", "kyushumkova@miem.hse.ru", "fikhusnutdinov@miem.hse.ru", "nseliseev@miem.hse.ru", "rrnasyrova@miem.hse.ru"], "maxSync": 59, "maxSession": 80, "stream": "\u041f\u0421_\u04112020_\u0418\u0412\u0422\u0425_3#\u0413#\u041f\u0440\u043e\u0435\u043a\u0442\u043d\u044b\u0439 \u0441\u0435\u043c\u0438\u043d\u0430\u0440 (1 \u043a\u0443\u0440\u0441)", "discipline": "\u041f\u0440\u043e\u0435\u043a\u0442\u043d\u044b\u0439 \u0441\u0435\u043c\u0438\u043d\u0430\u0440 (1 \u043a\u0443\u0440\u0441) (\u0440\u0443\u0441)", "kindOfWork": "\u041d\u0430\u0443\u0447\u043d\u043e-\u0438\u0441\u0441\u043b\u0435\u0434\u043e\u0432\u0430\u0442\u0435\u043b\u044c\u0441\u043a\u0438\u0439 \u0441\u0435\u043c\u0438\u043d\u0430\u0440 on-line", "lecturer": "\u0434\u043e\u0446. \u041a\u043e\u0440\u043e\u043b\u0435\u0432 \u0414\u0435\u043d\u0438\u0441 \u0410\u043b\u0435\u043a\u0441\u0430\u043d\u0434\u0440\u043e\u0432\u0438\u0447", "classTime": "19:40-21:00"}]}]}, {"_id": "60227623e0aae71f8ec31767", "date": "2021-02-08", "auditoriums": [{"name": "312", "classes": [{"members": ["nakonchits@miem.hse.ru", "aepodguk@miem.hse.ru", "mvsennikov@miem.hse.ru", "esmarkova_1@miem.hse.ru", "saloshkarev@miem.hse.ru", "mbkhasanov@miem.hse.ru", "prybakov@miem.hse.ru", "ifaglyamov@miem.hse.ru", "savoronova@miem.hse.ru", "dmkanukov@miem.hse.ru", "yaamoskalenko@miem.hse.ru", "askuzmin_1@miem.hse.ru", "sdastashov@miem.hse.ru", "aalimonov_2@miem.hse.ru", "astuytsyn@miem.hse.ru", "inlevanov@miem.hse.ru", "ssavdeyuk@miem.hse.ru", "aooschepkov@miem.hse.ru", "serakhmankulova@miem.hse.ru", "vyugorbacheva@miem.hse.ru", "askurganskaya_1@miem.hse.ru", "imgusev@miem.hse.ru", "vazaramenskikh@miem.hse.ru", "aakravtsov@miem.hse.ru", "gstsaturyan@miem.hse.ru", "kamalyshkina@miem.hse.ru", "vdmakagonova@miem.hse.ru", "svsoldatov@miem.hse.ru", "pagavrilova@miem.hse.ru", "yaoaleksashkin@miem.hse.ru", "dakorolev_1@miem.hse.ru", "avnovikov_4@miem.hse.ru", "kdkorunyak@miem.hse.ru", "aagorbuntsov@miem.hse.ru", "aspivovarov@miem.hse.ru", "dmbobrova@miem.hse.ru", "iatarasenko@miem.hse.ru", "lshkamarov@miem.hse.ru", "dgkomarov@miem.hse.ru"], "maxSync": 34, "maxSession": 80, "stream": "\u041f\u0421_\u04112020_\u0418\u0412\u0422\u0425_4#\u0413#\u041f\u0440\u043e\u0435\u043a\u0442\u043d\u044b\u0439 \u0441\u0435\u043c\u0438\u043d\u0430\u0440 (1 \u043a\u0443\u0440\u0441)", "discipline": "\u041f\u0440\u043e\u0435\u043a\u0442\u043d\u044b\u0439 \u0441\u0435\u043c\u0438\u043d\u0430\u0440 (1 \u043a\u0443\u0440\u0441) (\u0440\u0443\u0441)", "kindOfWork": "\u041d\u0430\u0443\u0447\u043d\u043e-\u0438\u0441\u0441\u043b\u0435\u0434\u043e\u0432\u0430\u0442\u0435\u043b\u044c\u0441\u043a\u0438\u0439 \u0441\u0435\u043c\u0438\u043d\u0430\u0440", "lecturer": "\u043f\u0440\u0435\u043f. \u0420\u044b\u0431\u0430\u043a\u043e\u0432 \u041f\u0435\u0442\u0440 \u0412\u043b\u0430\u0434\u0438\u043c\u0438\u0440\u043e\u0432\u0438\u0447", "classTime": "16:20-17:40"}, {"members": ["aamarkin_4@miem.hse.ru", "kamedvedev@miem.hse.ru", "dbashinskiy@miem.hse.ru", "aafadeeva_4@miem.hse.ru", "inbarulin@miem.hse.ru", "vonikitin@miem.hse.ru", "rrnasyrova@miem.hse.ru", "fvkamenev@miem.hse.ru", "rigarayshin@miem.hse.ru", "isglukhov@miem.hse.ru", "tzhayrapetyan@miem.hse.ru", "aaziazetdinov@miem.hse.ru", "prybakov@miem.hse.ru", "nzakimov@miem.hse.ru", "daguznyaev@miem.hse.ru", "savoronova@miem.hse.ru", "aiafonin_1@miem.hse.ru", "niboblak@miem.hse.ru", "msskriplyonok@miem.hse.ru", "limiroshnichenko@miem.hse.ru", "dkorolev@miem.hse.ru", "astuytsyn@miem.hse.ru", "ayabozhedomov@miem.hse.ru", "msonuchin@miem.hse.ru", "kamatanov@miem.hse.ru", "dsyaschenko@miem.hse.ru", "makofanova@miem.hse.ru", "evdruschenko@miem.hse.ru", "nrzhdanova@miem.hse.ru", "adandronchev@miem.hse.ru", "mdkolodin@miem.hse.ru", "gvvasilev_2@miem.hse.ru", "ddrustamova@miem.hse.ru", "dskostrov@miem.hse.ru", "dvpalukha@miem.hse.ru", "aenepomnyaschiy@miem.hse.ru", "kdfrolov@miem.hse.ru", "drsmirnov@miem.hse.ru", "amsheynkin@miem.hse.ru", "pkkudryavtsev@miem.hse.ru", "vvgorovoy@miem.hse.ru", "avkalyuzhnyy_1@miem.hse.ru", "eashabalin@miem.hse.ru", "maanisimov_1@miem.hse.ru", "matarasova_7@miem.hse.ru", "ssmassoud@miem.hse.ru", "askochkanyan@miem.hse.ru", "gapisarev@miem.hse.ru", "aapardaev_1@miem.hse.ru", "aschuvaeva_1@miem.hse.ru", "arsemenov@miem.hse.ru"], "maxSync": 51, "maxSession": 80, "stream": "\u041f\u0421_\u04112020_\u0418\u0412\u0422\u0425_2#\u0413#\u041f\u0440\u043e\u0435\u043a\u0442\u043d\u044b\u0439 \u0441\u0435\u043c\u0438\u043d\u0430\u0440 (1 \u043a\u0443\u0440\u0441)", "discipline": "\u041f\u0440\u043e\u0435\u043a\u0442\u043d\u044b\u0439 \u0441\u0435\u043c\u0438\u043d\u0430\u0440 (1 \u043a\u0443\u0440\u0441) (\u0440\u0443\u0441)", "kindOfWork": "\u041d\u0430\u0443\u0447\u043d\u043e-\u0438\u0441\u0441\u043b\u0435\u0434\u043e\u0432\u0430\u0442\u0435\u043b\u044c\u0441\u043a\u0438\u0439 \u0441\u0435\u043c\u0438\u043d\u0430\u0440 on-line", "lecturer": "\u0434\u043e\u0446. \u041a\u043e\u0440\u043e\u043b\u0435\u0432 \u0414\u0435\u043d\u0438\u0441 \u0410\u043b\u0435\u043a\u0441\u0430\u043d\u0434\u0440\u043e\u0432\u0438\u0447", "classTime": "18:10-19:30"}, {"members": ["ryudyakonov@miem.hse.ru", "yansavin@miem.hse.ru", "vaogay@miem.hse.ru", "avsolomenko@miem.hse.ru", "kkgaluzina@miem.hse.ru", "fvkamenev@miem.hse.ru", "prybakov@miem.hse.ru", "dafetisov@miem.hse.ru", "dkorolev@miem.hse.ru", "imsalakhov@miem.hse.ru", "fdkuzenkov@miem.hse.ru", "nyudobrovolskiy@miem.hse.ru", "aikatsnelson@miem.hse.ru", "dvkostikov@miem.hse.ru", "naproshak@miem.hse.ru", "teprotasov@miem.hse.ru", "idprodma@miem.hse.ru", "pazaderey@miem.hse.ru", "agsayfulin@miem.hse.ru", "kvloskutov@miem.hse.ru", "eashaymardanov@miem.hse.ru", "vssargsyan@miem.hse.ru", "mmkolpakov@miem.hse.ru", "pigromova@miem.hse.ru", "pschuyan@miem.hse.ru", "gakondrachenkov@miem.hse.ru", "niosintsev@miem.hse.ru", "pdblinov@miem.hse.ru", "vvmelnichenko@miem.hse.ru", "nseliseev@miem.hse.ru", "arzamaliev@miem.hse.ru", "adshatskiy@miem.hse.ru", "aachirukhina@miem.hse.ru", "pmfeklistova@miem.hse.ru", "tdrykova@miem.hse.ru", "kvprokudina@miem.hse.ru"], "maxSync": 34, "maxSession": 80, "stream": "\u041f\u0421_\u04112020_\u0418\u0412\u0422\u0425_3#\u0413#\u041f\u0440\u043e\u0435\u043a\u0442\u043d\u044b\u0439 \u0441\u0435\u043c\u0438\u043d\u0430\u0440 (1 \u043a\u0443\u0440\u0441)", "discipline": "\u041f\u0440\u043e\u0435\u043a\u0442\u043d\u044b\u0439 \u0441\u0435\u043c\u0438\u043d\u0430\u0440 (1 \u043a\u0443\u0440\u0441) (\u0440\u0443\u0441)", "kindOfWork": "\u041d\u0430\u0443\u0447\u043d\u043e-\u0438\u0441\u0441\u043b\u0435\u0434\u043e\u0432\u0430\u0442\u0435\u043b\u044c\u0441\u043a\u0438\u0439 \u0441\u0435\u043c\u0438\u043d\u0430\u0440 on-line", "lecturer": "\u0434\u043e\u0446. \u041a\u043e\u0440\u043e\u043b\u0435\u0432 \u0414\u0435\u043d\u0438\u0441 \u0410\u043b\u0435\u043a\u0441\u0430\u043d\u0434\u0440\u043e\u0432\u0438\u0447", "classTime": "19:40-21:00"}]}]}, {"_id": "602ae1f5c3ce208eb472fb69", "date": "2021-02-15", "auditoriums": [{"name": "606", "classes": [{"members": ["aagorbuntsov@miem.hse.ru", "dgkomarov@miem.hse.ru", "mdsamorodin@miem.hse.ru", "ifaglyamov@miem.hse.ru", "askurganskaya_1@miem.hse.ru", "pagavrilova@miem.hse.ru", "narybakovskiy@miem.hse.ru", "aalimonov_2@miem.hse.ru"], "maxSync": 6, "maxSession": 4.133, "stream": "\u041f\u0421_\u04112020_\u0418\u0412\u0422\u0425_1#\u0413#\u041f\u0440\u043e\u0435\u043a\u0442\u043d\u044b\u0439 \u0441\u0435\u043c\u0438\u043d\u0430\u0440 (1 \u043a\u0443\u0440\u0441)", "discipline": "\u041f\u0440\u043e\u0435\u043a\u0442\u043d\u044b\u0439 \u0441\u0435\u043c\u0438\u043d\u0430\u0440 (1 \u043a\u0443\u0440\u0441) (\u0440\u0443\u0441)", "kindOfWork": "\u041d\u0430\u0443\u0447\u043d\u043e-\u0438\u0441\u0441\u043b\u0435\u0434\u043e\u0432\u0430\u0442\u0435\u043b\u044c\u0441\u043a\u0438\u0439 \u0441\u0435\u043c\u0438\u043d\u0430\u0440 on-line", "lecturer": "\u0434\u043e\u0446. \u041a\u043e\u0440\u043e\u043b\u0435\u0432 \u0414\u0435\u043d\u0438\u0441 \u0410\u043b\u0435\u043a\u0441\u0430\u043d\u0434\u0440\u043e\u0432\u0438\u0447", "classTime": "16:20-17:40"}]}, {"name": "312", "classes": [{"members": ["inlevanov@miem.hse.ru", "dgkomarov@miem.hse.ru", "prybakov@miem.hse.ru", "yaoaleksashkin@miem.hse.ru", "avnovikov_4@miem.hse.ru", "iluchnikov@miem.hse.ru", "amsheynkin@miem.hse.ru", "narybakovskiy@miem.hse.ru", "aooschepkov@miem.hse.ru", "aalimonov_2@miem.hse.ru", "aepodguk@miem.hse.ru", "dmbobrova@miem.hse.ru", "dakorolev_1@miem.hse.ru", "saloshkarev@miem.hse.ru", "serakhmankulova@miem.hse.ru", "mvsennikov@miem.hse.ru", "yaamoskalenko@miem.hse.ru", "aagorbuntsov@miem.hse.ru", "mdsamorodin@miem.hse.ru", "vdmakagonova@miem.hse.ru", "iatarasenko@miem.hse.ru", "gstsaturyan@miem.hse.ru", "ldpopov@miem.hse.ru", "askurganskaya_1@miem.hse.ru", "lshkamarov@miem.hse.ru", "kdkorunyak@miem.hse.ru", "nakonchits@miem.hse.ru", "vyumoiseenkov@miem.hse.ru", "ifaglyamov@miem.hse.ru", "ssavdeyuk@miem.hse.ru", "pagavrilova@miem.hse.ru", "dkorolev@miem.hse.ru", "isglukhov@miem.hse.ru"], "maxSync": 31, "maxSession": 77.433, "stream": "\u041f\u0421_\u04112020_\u0418\u0412\u0422\u0425_4#\u0413#\u041f\u0440\u043e\u0435\u043a\u0442\u043d\u044b\u0439 \u0441\u0435\u043c\u0438\u043d\u0430\u0440 (1 \u043a\u0443\u0440\u0441)", "discipline": "\u041f\u0440\u043e\u0435\u043a\u0442\u043d\u044b\u0439 \u0441\u0435\u043c\u0438\u043d\u0430\u0440 (1 \u043a\u0443\u0440\u0441) (\u0440\u0443\u0441)", "kindOfWork": "\u041d\u0430\u0443\u0447\u043d\u043e-\u0438\u0441\u0441\u043b\u0435\u0434\u043e\u0432\u0430\u0442\u0435\u043b\u044c\u0441\u043a\u0438\u0439 \u0441\u0435\u043c\u0438\u043d\u0430\u0440", "lecturer": "\u043f\u0440\u0435\u043f. \u0420\u044b\u0431\u0430\u043a\u043e\u0432 \u041f\u0435\u0442\u0440 \u0412\u043b\u0430\u0434\u0438\u043c\u0438\u0440\u043e\u0432\u0438\u0447", "classTime": "16:20-17:40"}, {"members": ["prybakov@miem.hse.ru", "rigarayshin@miem.hse.ru", "avkalyuzhnyy_1@miem.hse.ru", "inbarulin@miem.hse.ru", "ssmassoud@miem.hse.ru", "kamedvedev@miem.hse.ru", "maanisimov_1@miem.hse.ru", "maternov@miem.hse.ru", "adandronchev@miem.hse.ru", "aschuvaeva_1@miem.hse.ru", "makofanova@miem.hse.ru", "gapisarev@miem.hse.ru", "ayabozhedomov@miem.hse.ru", "aafadeeva_4@miem.hse.ru", "nzakimov@miem.hse.ru", "vvgorovoy@miem.hse.ru", "aiafonin_1@miem.hse.ru", "eashabalin@miem.hse.ru", "limiroshnichenko@miem.hse.ru", "niboblak@miem.hse.ru", "rrnasyrova@miem.hse.ru", "aaziazetdinov@miem.hse.ru", "drsmirnov@miem.hse.ru", "kdfrolov@miem.hse.ru", "dbashinskiy@miem.hse.ru", "sdastashov@miem.hse.ru", "ddrustamova@miem.hse.ru", "askochkanyan@miem.hse.ru", "pkkudryavtsev@miem.hse.ru", "kamatanov@miem.hse.ru", "kdkorunyak@miem.hse.ru", "dvpalukha@miem.hse.ru", "tzhayrapetyan@miem.hse.ru", "gvvasilev_2@miem.hse.ru", "fvkamenev@miem.hse.ru", "astuytsyn@miem.hse.ru", "arsemenov@miem.hse.ru", "vonikitin@miem.hse.ru", "msonuchin@miem.hse.ru", "dvbeganov@miem.hse.ru", "msskriplyonok@miem.hse.ru", "dkorolev@miem.hse.ru", "aamarkin_4@miem.hse.ru", "evdruschenko@miem.hse.ru", "dsyaschenko@miem.hse.ru"], "maxSync": 42, "maxSession": 80, "stream": "\u041f\u0421_\u04112020_\u0418\u0412\u0422\u0425_2#\u0413#\u041f\u0440\u043e\u0435\u043a\u0442\u043d\u044b\u0439 \u0441\u0435\u043c\u0438\u043d\u0430\u0440 (1 \u043a\u0443\u0440\u0441)", "discipline": "\u041f\u0440\u043e\u0435\u043a\u0442\u043d\u044b\u0439 \u0441\u0435\u043c\u0438\u043d\u0430\u0440 (1 \u043a\u0443\u0440\u0441) (\u0440\u0443\u0441)", "kindOfWork": "\u041d\u0430\u0443\u0447\u043d\u043e-\u0438\u0441\u0441\u043b\u0435\u0434\u043e\u0432\u0430\u0442\u0435\u043b\u044c\u0441\u043a\u0438\u0439 \u0441\u0435\u043c\u0438\u043d\u0430\u0440 on-line", "lecturer": "\u0434\u043e\u0446. \u041a\u043e\u0440\u043e\u043b\u0435\u0432 \u0414\u0435\u043d\u0438\u0441 \u0410\u043b\u0435\u043a\u0441\u0430\u043d\u0434\u0440\u043e\u0432\u0438\u0447", "classTime": "18:10-19:30"}, {"members": ["aaesetov@miem.hse.ru", "vssargsyan@miem.hse.ru", "prybakov@miem.hse.ru", "vaogay@miem.hse.ru", "drmanyakin@miem.hse.ru", "mmkolpakov@miem.hse.ru", "aikatsnelson@miem.hse.ru", "ryudyakonov@miem.hse.ru", "agsayfulin@miem.hse.ru", "kvprokudina@miem.hse.ru", "pdblinov@miem.hse.ru", "adshatskiy@miem.hse.ru", "imsalakhov@miem.hse.ru", "dvkostikov@miem.hse.ru", "niosintsev@miem.hse.ru", "aachirukhina@miem.hse.ru", "maisakov@miem.hse.ru", "yansavin@miem.hse.ru", "pmfeklistova@miem.hse.ru", "avsolomenko@miem.hse.ru", "imsalikhov@miem.hse.ru", "gakondrachenkov@miem.hse.ru", "isulanova@miem.hse.ru", "kdfrolov@miem.hse.ru", "gkmakotchenko@miem.hse.ru", "arzamaliev@miem.hse.ru", "nseliseev@miem.hse.ru", "fdkuzenkov@miem.hse.ru", "tdrykova@miem.hse.ru", "kkgaluzina@miem.hse.ru", "pazaderey@miem.hse.ru", "teprotasov@miem.hse.ru", "pigromova@miem.hse.ru", "makulko@miem.hse.ru", "msonuchin@miem.hse.ru", "kyushumkova@miem.hse.ru", "eashaymardanov@miem.hse.ru", "vvmelnichenko@miem.hse.ru", "dkorolev@miem.hse.ru", "naproshak@miem.hse.ru", "kvloskutov@miem.hse.ru"], "maxSync": 41, "maxSession": 50.65, "stream": "\u041f\u0421_\u04112020_\u0418\u0412\u0422\u0425_3#\u0413#\u041f\u0440\u043e\u0435\u043a\u0442\u043d\u044b\u0439 \u0441\u0435\u043c\u0438\u043d\u0430\u0440 (1 \u043a\u0443\u0440\u0441)", "discipline": "\u041f\u0440\u043e\u0435\u043a\u0442\u043d\u044b\u0439 \u0441\u0435\u043c\u0438\u043d\u0430\u0440 (1 \u043a\u0443\u0440\u0441) (\u0440\u0443\u0441)", "kindOfWork": "\u041d\u0430\u0443\u0447\u043d\u043e-\u0438\u0441\u0441\u043b\u0435\u0434\u043e\u0432\u0430\u0442\u0435\u043b\u044c\u0441\u043a\u0438\u0439 \u0441\u0435\u043c\u0438\u043d\u0430\u0440 on-line", "lecturer": "\u0434\u043e\u0446. \u041a\u043e\u0440\u043e\u043b\u0435\u0432 \u0414\u0435\u043d\u0438\u0441 \u0410\u043b\u0435\u043a\u0441\u0430\u043d\u0434\u0440\u043e\u0432\u0438\u0447", "classTime": "19:40-21:00"}]}]}, {"_id": "6036275ce2a31727aa02074c", "date": "2021-02-22", "auditoriums": [{"name": "312", "classes": [{"members": ["narybakovskiy@miem.hse.ru", "askurganskaya_1@miem.hse.ru", "vyumoiseenkov@miem.hse.ru", "pagavrilova@miem.hse.ru", "lshkamarov@miem.hse.ru", "shtvaliev@miem.hse.ru", "kamalyshkina@miem.hse.ru", "iatarasenko@miem.hse.ru", "mvsennikov@miem.hse.ru", "nakonchits@miem.hse.ru", "iitsyganov@miem.hse.ru", "esaleshina_1@miem.hse.ru", "aooschepkov@miem.hse.ru", "kdkorunyak@miem.hse.ru", "yaoaleksashkin@miem.hse.ru", "esmarkova_1@miem.hse.ru", "vyugorbacheva@miem.hse.ru", "prybakov@miem.hse.ru", "ddrustamova@miem.hse.ru", "sdastashov@miem.hse.ru", "dkorolev@miem.hse.ru", "svsoldatov@miem.hse.ru", "dgkomarov@miem.hse.ru", "dakorolev_1@miem.hse.ru", "yaamoskalenko@miem.hse.ru", "iluchnikov@miem.hse.ru", "aepodguk@miem.hse.ru", "saloshkarev@miem.hse.ru", "dmkanukov@miem.hse.ru"], "maxSync": 28, "maxSession": 80, "stream": "\u041f\u0421_\u04112020_\u0418\u0412\u0422\u0425_4#\u0413#\u041f\u0440\u043e\u0435\u043a\u0442\u043d\u044b\u0439 \u0441\u0435\u043c\u0438\u043d\u0430\u0440 (1 \u043a\u0443\u0440\u0441)", "discipline": "\u041f\u0440\u043e\u0435\u043a\u0442\u043d\u044b\u0439 \u0441\u0435\u043c\u0438\u043d\u0430\u0440 (1 \u043a\u0443\u0440\u0441) (\u0440\u0443\u0441)", "kindOfWork": "\u041d\u0430\u0443\u0447\u043d\u043e-\u0438\u0441\u0441\u043b\u0435\u0434\u043e\u0432\u0430\u0442\u0435\u043b\u044c\u0441\u043a\u0438\u0439 \u0441\u0435\u043c\u0438\u043d\u0430\u0440", "lecturer": "\u043f\u0440\u0435\u043f. \u0420\u044b\u0431\u0430\u043a\u043e\u0432 \u041f\u0435\u0442\u0440 \u0412\u043b\u0430\u0434\u0438\u043c\u0438\u0440\u043e\u0432\u0438\u0447", "classTime": "16:20-17:40"}, {"members": ["rrnasyrova@miem.hse.ru", "aamarkin_4@miem.hse.ru", "kdfrolov@miem.hse.ru", "avkalyuzhnyy_1@miem.hse.ru", "rigarayshin@miem.hse.ru", "daguznyaev@miem.hse.ru", "mdkolodin@miem.hse.ru", "kamedvedev@miem.hse.ru", "arsemenov@miem.hse.ru", "arzamaliev@miem.hse.ru", "dsyaschenko@miem.hse.ru", "inbarulin@miem.hse.ru", "aiafonin_1@miem.hse.ru", "msonuchin@miem.hse.ru", "maanisimov_1@miem.hse.ru", "vonikitin@miem.hse.ru", "aaziazetdinov@miem.hse.ru", "ddrustamova@miem.hse.ru", "prybakov@miem.hse.ru", "gapisarev@miem.hse.ru", "nzakimov@miem.hse.ru", "gvvasilev_2@miem.hse.ru", "dkorolev@miem.hse.ru", "limiroshnichenko@miem.hse.ru", "astuytsyn@miem.hse.ru", "isglukhov@miem.hse.ru", "makofanova@miem.hse.ru", "maternov@miem.hse.ru", "kamatanov@miem.hse.ru", "aenepomnyaschiy@miem.hse.ru", "ayuzakharov@miem.hse.ru", "dbashinskiy@miem.hse.ru", "fvkamenev@miem.hse.ru", "tzhayrapetyan@miem.hse.ru", "msskriplyonok@miem.hse.ru", "aschuvaeva_1@miem.hse.ru", "amsheynkin@miem.hse.ru", "dskostrov@miem.hse.ru", "eashabalin@miem.hse.ru", "niboblak@miem.hse.ru", "dvpalukha@miem.hse.ru"], "maxSync": 40, "maxSession": 80, "stream": "\u041f\u0421_\u04112020_\u0418\u0412\u0422\u0425_2#\u0413#\u041f\u0440\u043e\u0435\u043a\u0442\u043d\u044b\u0439 \u0441\u0435\u043c\u0438\u043d\u0430\u0440 (1 \u043a\u0443\u0440\u0441)", "discipline": "\u041f\u0440\u043e\u0435\u043a\u0442\u043d\u044b\u0439 \u0441\u0435\u043c\u0438\u043d\u0430\u0440 (1 \u043a\u0443\u0440\u0441) (\u0440\u0443\u0441)", "kindOfWork": "\u041d\u0430\u0443\u0447\u043d\u043e-\u0438\u0441\u0441\u043b\u0435\u0434\u043e\u0432\u0430\u0442\u0435\u043b\u044c\u0441\u043a\u0438\u0439 \u0441\u0435\u043c\u0438\u043d\u0430\u0440 on-line", "lecturer": "\u0434\u043e\u0446. \u041a\u043e\u0440\u043e\u043b\u0435\u0432 \u0414\u0435\u043d\u0438\u0441 \u0410\u043b\u0435\u043a\u0441\u0430\u043d\u0434\u0440\u043e\u0432\u0438\u0447", "classTime": "18:10-19:30"}, {"members": ["avsolomenko@miem.hse.ru", "ryudyakonov@miem.hse.ru", "aamarkin_4@miem.hse.ru", "mmkolpakov@miem.hse.ru", "kdfrolov@miem.hse.ru", "rigarayshin@miem.hse.ru", "aachirukhina@miem.hse.ru", "daguznyaev@miem.hse.ru", "pschuyan@miem.hse.ru", "lshkamarov@miem.hse.ru", "makulko@miem.hse.ru", "isulanova@miem.hse.ru", "aiafonin_1@miem.hse.ru", "naproshak@miem.hse.ru", "kvprokudina@miem.hse.ru", "maanisimov_1@miem.hse.ru", "vonikitin@miem.hse.ru", "agsayfulin@miem.hse.ru", "pazaderey@miem.hse.ru", "ddrustamova@miem.hse.ru", "vaogay@miem.hse.ru", "prybakov@miem.hse.ru", "tdrykova@miem.hse.ru", "pigromova@miem.hse.ru", "yansavin@miem.hse.ru", "dafetisov@miem.hse.ru", "nzakimov@miem.hse.ru", "aikatsnelson@miem.hse.ru", "dvkostikov@miem.hse.ru", "fdkuzenkov@miem.hse.ru", "dkorolev@miem.hse.ru", "imsalikhov@miem.hse.ru", "pdblinov@miem.hse.ru", "fikhusnutdinov@miem.hse.ru", "limiroshnichenko@miem.hse.ru", "idprodma@miem.hse.ru", "astuytsyn@miem.hse.ru", "isglukhov@miem.hse.ru", "eashaymardanov@miem.hse.ru", "nseliseev@miem.hse.ru", "makofanova@miem.hse.ru", "maisakov@miem.hse.ru", "kvloskutov@miem.hse.ru", "kamatanov@miem.hse.ru", "ayuzakharov@miem.hse.ru", "kyushumkova@miem.hse.ru", "vvmelnichenko@miem.hse.ru", "fvkamenev@miem.hse.ru", "tzhayrapetyan@miem.hse.ru", "msskriplyonok@miem.hse.ru", "niosintsev@miem.hse.ru", "amsheynkin@miem.hse.ru", "dskostrov@miem.hse.ru", "eashabalin@miem.hse.ru", "dvpalukha@miem.hse.ru"], "maxSync": 44, "maxSession": 80, "stream": "\u041f\u0421_\u04112020_\u0418\u0412\u0422\u0425_3#\u0413#\u041f\u0440\u043e\u0435\u043a\u0442\u043d\u044b\u0439 \u0441\u0435\u043c\u0438\u043d\u0430\u0440 (1 \u043a\u0443\u0440\u0441)", "discipline": "\u041f\u0440\u043e\u0435\u043a\u0442\u043d\u044b\u0439 \u0441\u0435\u043c\u0438\u043d\u0430\u0440 (1 \u043a\u0443\u0440\u0441) (\u0440\u0443\u0441)", "kindOfWork": "\u041d\u0430\u0443\u0447\u043d\u043e-\u0438\u0441\u0441\u043b\u0435\u0434\u043e\u0432\u0430\u0442\u0435\u043b\u044c\u0441\u043a\u0438\u0439 \u0441\u0435\u043c\u0438\u043d\u0430\u0440 on-line", "lecturer": "\u0434\u043e\u0446. \u041a\u043e\u0440\u043e\u043b\u0435\u0432 \u0414\u0435\u043d\u0438\u0441 \u0410\u043b\u0435\u043a\u0441\u0430\u043d\u0434\u0440\u043e\u0432\u0438\u0447", "classTime": "19:40-21:00"}]}, {"name": "606", "classes": [{"members": ["sdastashov@miem.hse.ru", "svsoldatov@miem.hse.ru"], "maxSync": 2, "maxSession": 1.8, "stream": "\u041f\u0421_\u04112020_\u0418\u0412\u0422\u0425_1#\u0413#\u041f\u0440\u043e\u0435\u043a\u0442\u043d\u044b\u0439 \u0441\u0435\u043c\u0438\u043d\u0430\u0440 (1 \u043a\u0443\u0440\u0441)", "discipline": "\u041f\u0440\u043e\u0435\u043a\u0442\u043d\u044b\u0439 \u0441\u0435\u043c\u0438\u043d\u0430\u0440 (1 \u043a\u0443\u0440\u0441) (\u0440\u0443\u0441)", "kindOfWork": "\u041d\u0430\u0443\u0447\u043d\u043e-\u0438\u0441\u0441\u043b\u0435\u0434\u043e\u0432\u0430\u0442\u0435\u043b\u044c\u0441\u043a\u0438\u0439 \u0441\u0435\u043c\u0438\u043d\u0430\u0440 on-line", "lecturer": "\u0434\u043e\u0446. \u041a\u043e\u0440\u043e\u043b\u0435\u0432 \u0414\u0435\u043d\u0438\u0441 \u0410\u043b\u0435\u043a\u0441\u0430\u043d\u0434\u0440\u043e\u0432\u0438\u0447", "classTime": "16:20-17:40"}]}]}, {"_id": "60414e06f5783a6d75f9d6a1", "date": "2021-03-01", "auditoriums": [{"name": "312", "classes": [{"members": ["esaleshina_1@miem.hse.ru", "pagavrilova@miem.hse.ru", "nvtukhlin@miem.hse.ru", "ifaglyamov@miem.hse.ru", "dkorolev@miem.hse.ru", "aooschepkov@miem.hse.ru", "mvsennikov@miem.hse.ru", "sdastashov@miem.hse.ru", "saloshkarev@miem.hse.ru", "dgkomarov@miem.hse.ru", "aepodguk@miem.hse.ru", "yaoaleksashkin@miem.hse.ru", "aalimonov_2@miem.hse.ru", "lshkamarov@miem.hse.ru", "vdmakagonova@miem.hse.ru", "prybakov@miem.hse.ru", "ldpopov@miem.hse.ru", "vazaramenskikh@miem.hse.ru", "iatarasenko@miem.hse.ru", "aachurakov_2@miem.hse.ru", "shtvaliev@miem.hse.ru", "esmarkova_1@miem.hse.ru", "mdsamorodin@miem.hse.ru", "iluchnikov@miem.hse.ru", "svsoldatov@miem.hse.ru", "aakravtsov@miem.hse.ru", "dmkanukov@miem.hse.ru", "dakorolev_1@miem.hse.ru", "aagorbuntsov@miem.hse.ru", "nakonchits@miem.hse.ru", "askurganskaya_1@miem.hse.ru"], "maxSync": 28, "maxSession": 80, "stream": "\u041f\u0421_\u04112020_\u0418\u0412\u0422\u0425_4#\u0413#\u041f\u0440\u043e\u0435\u043a\u0442\u043d\u044b\u0439 \u0441\u0435\u043c\u0438\u043d\u0430\u0440 (1 \u043a\u0443\u0440\u0441)", "discipline": "\u041f\u0440\u043e\u0435\u043a\u0442\u043d\u044b\u0439 \u0441\u0435\u043c\u0438\u043d\u0430\u0440 (1 \u043a\u0443\u0440\u0441) (\u0440\u0443\u0441)", "kindOfWork": "\u041d\u0430\u0443\u0447\u043d\u043e-\u0438\u0441\u0441\u043b\u0435\u0434\u043e\u0432\u0430\u0442\u0435\u043b\u044c\u0441\u043a\u0438\u0439 \u0441\u0435\u043c\u0438\u043d\u0430\u0440", "lecturer": "\u043f\u0440\u0435\u043f. \u0420\u044b\u0431\u0430\u043a\u043e\u0432 \u041f\u0435\u0442\u0440 \u0412\u043b\u0430\u0434\u0438\u043c\u0438\u0440\u043e\u0432\u0438\u0447", "classTime": "16:20-17:40"}, {"members": ["ayuzakharov@miem.hse.ru", "aschuvaeva_1@miem.hse.ru", "aamarkin_4@miem.hse.ru", "dkorolev@miem.hse.ru", "maternov@miem.hse.ru", "askochkanyan@miem.hse.ru", "makofanova@miem.hse.ru", "msonuchin@miem.hse.ru", "niboblak@miem.hse.ru", "dbashinskiy@miem.hse.ru", "pkkudryavtsev@miem.hse.ru", "savoronova@miem.hse.ru", "aafadeeva_4@miem.hse.ru", "dvpalukha@miem.hse.ru", "tzhayrapetyan@miem.hse.ru", "prybakov@miem.hse.ru", "avkalyuzhnyy_1@miem.hse.ru", "isglukhov@miem.hse.ru", "astuytsyn@miem.hse.ru", "limiroshnichenko@miem.hse.ru", "msskriplyonok@miem.hse.ru", "kamatanov@miem.hse.ru", "amsheynkin@miem.hse.ru", "vonikitin@miem.hse.ru", "eashabalin@miem.hse.ru", "arsemenov@miem.hse.ru", "mdkolodin@miem.hse.ru", "dsyaschenko@miem.hse.ru", "gvvasilev_2@miem.hse.ru", "maanisimov_1@miem.hse.ru", "evdruschenko@miem.hse.ru", "fvkamenev@miem.hse.ru", "aiafonin_1@miem.hse.ru", "kamedvedev@miem.hse.ru", "nrzhdanova@miem.hse.ru", "kdfrolov@miem.hse.ru", "inbarulin@miem.hse.ru", "ddrustamova@miem.hse.ru", "dskostrov@miem.hse.ru", "aaziazetdinov@miem.hse.ru"], "maxSync": 38, "maxSession": 80, "stream": "\u041f\u0421_\u04112020_\u0418\u0412\u0422\u0425_2#\u0413#\u041f\u0440\u043e\u0435\u043a\u0442\u043d\u044b\u0439 \u0441\u0435\u043c\u0438\u043d\u0430\u0440 (1 \u043a\u0443\u0440\u0441)", "discipline": "\u041f\u0440\u043e\u0435\u043a\u0442\u043d\u044b\u0439 \u0441\u0435\u043c\u0438\u043d\u0430\u0440 (1 \u043a\u0443\u0440\u0441) (\u0440\u0443\u0441)", "kindOfWork": "\u041d\u0430\u0443\u0447\u043d\u043e-\u0438\u0441\u0441\u043b\u0435\u0434\u043e\u0432\u0430\u0442\u0435\u043b\u044c\u0441\u043a\u0438\u0439 \u0441\u0435\u043c\u0438\u043d\u0430\u0440 on-line", "lecturer": "\u0434\u043e\u0446. \u041a\u043e\u0440\u043e\u043b\u0435\u0432 \u0414\u0435\u043d\u0438\u0441 \u0410\u043b\u0435\u043a\u0441\u0430\u043d\u0434\u0440\u043e\u0432\u0438\u0447", "classTime": "18:10-19:30"}, {"members": ["dafetisov@miem.hse.ru", "pazaderey@miem.hse.ru", "vssargsyan@miem.hse.ru", "aamarkin_4@miem.hse.ru", "dkorolev@miem.hse.ru", "niosintsev@miem.hse.ru", "eashaymardanov@miem.hse.ru", "makofanova@miem.hse.ru", "gakondrachenkov@miem.hse.ru", "aaesetov@miem.hse.ru", "aikatsnelson@miem.hse.ru", "maisakov@miem.hse.ru", "vvmelnichenko@miem.hse.ru", "kkgaluzina@miem.hse.ru", "vaogay@miem.hse.ru", "fikhusnutdinov@miem.hse.ru", "tdrykova@miem.hse.ru", "dbashinskiy@miem.hse.ru", "pkkudryavtsev@miem.hse.ru", "aafadeeva_4@miem.hse.ru", "mmkolpakov@miem.hse.ru", "kvprokudina@miem.hse.ru", "pigromova@miem.hse.ru", "fdkuzenkov@miem.hse.ru", "tzhayrapetyan@miem.hse.ru", "prybakov@miem.hse.ru", "isglukhov@miem.hse.ru", "astuytsyn@miem.hse.ru", "dprusnak@miem.hse.ru", "pdblinov@miem.hse.ru", "limiroshnichenko@miem.hse.ru", "kamatanov@miem.hse.ru", "vonikitin@miem.hse.ru", "msskriplyonok@miem.hse.ru", "eashabalin@miem.hse.ru", "avsolomenko@miem.hse.ru", "amsheynkin@miem.hse.ru", "mdkolodin@miem.hse.ru", "naproshak@miem.hse.ru", "dsyaschenko@miem.hse.ru", "maanisimov_1@miem.hse.ru", "yansavin@miem.hse.ru", "evdruschenko@miem.hse.ru", "pschuyan@miem.hse.ru", "teprotasov@miem.hse.ru", "aiafonin_1@miem.hse.ru", "agsayfulin@miem.hse.ru", "ryudyakonov@miem.hse.ru", "kdfrolov@miem.hse.ru", "ddrustamova@miem.hse.ru", "idprodma@miem.hse.ru"], "maxSync": 39, "maxSession": 79.96600000000001, "stream": "\u041f\u0421_\u04112020_\u0418\u0412\u0422\u0425_3#\u0413#\u041f\u0440\u043e\u0435\u043a\u0442\u043d\u044b\u0439 \u0441\u0435\u043c\u0438\u043d\u0430\u0440 (1 \u043a\u0443\u0440\u0441)", "discipline": "\u041f\u0440\u043e\u0435\u043a\u0442\u043d\u044b\u0439 \u0441\u0435\u043c\u0438\u043d\u0430\u0440 (1 \u043a\u0443\u0440\u0441) (\u0440\u0443\u0441)", "kindOfWork": "\u041d\u0430\u0443\u0447\u043d\u043e-\u0438\u0441\u0441\u043b\u0435\u0434\u043e\u0432\u0430\u0442\u0435\u043b\u044c\u0441\u043a\u0438\u0439 \u0441\u0435\u043c\u0438\u043d\u0430\u0440 on-line", "lecturer": "\u0434\u043e\u0446. \u041a\u043e\u0440\u043e\u043b\u0435\u0432 \u0414\u0435\u043d\u0438\u0441 \u0410\u043b\u0435\u043a\u0441\u0430\u043d\u0434\u0440\u043e\u0432\u0438\u0447", "classTime": "19:40-21:00"}]}]}, {"_id": "604ff82be1a97babd89fcd54", "date": "2021-03-15", "auditoriums": [{"name": "312", "classes": [{"members": ["yaamoskalenko@miem.hse.ru", "iitsyganov@miem.hse.ru", "mdsamorodin@miem.hse.ru", "lshkamarov@miem.hse.ru", "vdmakagonova@miem.hse.ru", "mvsennikov@miem.hse.ru", "aalimonov_2@miem.hse.ru", "aagorbuntsov@miem.hse.ru", "esmarkova_1@miem.hse.ru", "aooschepkov@miem.hse.ru", "ifaglyamov@miem.hse.ru", "askurganskaya_1@miem.hse.ru", "dakorolev_1@miem.hse.ru", "pagavrilova@miem.hse.ru", "svsoldatov@miem.hse.ru", "vyumoiseenkov@miem.hse.ru", "yaoaleksashkin@miem.hse.ru", "aepodguk@miem.hse.ru", "ssavdeyuk@miem.hse.ru", "esaleshina_1@miem.hse.ru", "dgkomarov@miem.hse.ru", "maisakov@miem.hse.ru", "gstsaturyan@miem.hse.ru", "saloshkarev@miem.hse.ru", "iatarasenko@miem.hse.ru", "michubarov@miem.hse.ru", "aakravtsov@miem.hse.ru", "mbkhasanov@miem.hse.ru", "askuzmin_1@miem.hse.ru", "sdastashov@miem.hse.ru", "nakonchits@miem.hse.ru", "vyugorbacheva@miem.hse.ru", "kamalyshkina@miem.hse.ru", "dmkanukov@miem.hse.ru", "inlevanov@miem.hse.ru", "imgusev@miem.hse.ru", "dkorolev@miem.hse.ru", "prybakov@miem.hse.ru"], "maxSync": 36, "maxSession": 80, "stream": "\u041f\u0421_\u04112020_\u0418\u0412\u0422\u0425_4#\u0413#\u041f\u0440\u043e\u0435\u043a\u0442\u043d\u044b\u0439 \u0441\u0435\u043c\u0438\u043d\u0430\u0440 (1 \u043a\u0443\u0440\u0441)", "discipline": "\u041f\u0440\u043e\u0435\u043a\u0442\u043d\u044b\u0439 \u0441\u0435\u043c\u0438\u043d\u0430\u0440 (1 \u043a\u0443\u0440\u0441) (\u0440\u0443\u0441)", "kindOfWork": "\u041d\u0430\u0443\u0447\u043d\u043e-\u0438\u0441\u0441\u043b\u0435\u0434\u043e\u0432\u0430\u0442\u0435\u043b\u044c\u0441\u043a\u0438\u0439 \u0441\u0435\u043c\u0438\u043d\u0430\u0440", "lecturer": "\u043f\u0440\u0435\u043f. \u0420\u044b\u0431\u0430\u043a\u043e\u0432 \u041f\u0435\u0442\u0440 \u0412\u043b\u0430\u0434\u0438\u043c\u0438\u0440\u043e\u0432\u0438\u0447", "classTime": "16:20-17:40"}, {"members": ["dbashinskiy@miem.hse.ru", "rrnasyrova@miem.hse.ru", "kagordeeva_1@miem.hse.ru", "maanisimov_1@miem.hse.ru", "kamatanov@miem.hse.ru", "aiafonin_1@miem.hse.ru", "pkkudryavtsev@miem.hse.ru", "gvvasilev_2@miem.hse.ru", "mdsamorodin@miem.hse.ru", "mdkolodin@miem.hse.ru", "astuytsyn@miem.hse.ru", "eashabalin@miem.hse.ru", "aafadeeva_4@miem.hse.ru", "ssmassoud@miem.hse.ru", "maternov@miem.hse.ru", "teprotasov@miem.hse.ru", "adandronchev@miem.hse.ru", "kamedvedev@miem.hse.ru", "makofanova@miem.hse.ru", "rigarayshin@miem.hse.ru", "kdfrolov@miem.hse.ru", "aenepomnyaschiy@miem.hse.ru", "msskriplyonok@miem.hse.ru", "dkorolev@miem.hse.ru", "vvgorovoy@miem.hse.ru", "vonikitin@miem.hse.ru", "gapisarev@miem.hse.ru", "savoronova@miem.hse.ru", "fvkamenev@miem.hse.ru", "niboblak@miem.hse.ru", "daryabova@miem.hse.ru", "limiroshnichenko@miem.hse.ru", "dvpalukha@miem.hse.ru", "tzhayrapetyan@miem.hse.ru", "inbarulin@miem.hse.ru", "dsyaschenko@miem.hse.ru", "matarasova_7@miem.hse.ru", "ddrustamova@miem.hse.ru", "amsheynkin@miem.hse.ru", "gstsaturyan@miem.hse.ru", "evdruschenko@miem.hse.ru", "vaogay@miem.hse.ru", "aamarkin_4@miem.hse.ru", "nrzhdanova@miem.hse.ru", "nzakimov@miem.hse.ru", "isglukhov@miem.hse.ru", "msonuchin@miem.hse.ru", "ayuzakharov@miem.hse.ru", "aschuvaeva_1@miem.hse.ru", "prybakov@miem.hse.ru", "dskostrov@miem.hse.ru"], "maxSync": 44, "maxSession": 80, "stream": "\u041f\u0421_\u04112020_\u0418\u0412\u0422\u0425_2#\u0413#\u041f\u0440\u043e\u0435\u043a\u0442\u043d\u044b\u0439 \u0441\u0435\u043c\u0438\u043d\u0430\u0440 (1 \u043a\u0443\u0440\u0441)", "discipline": "\u041f\u0440\u043e\u0435\u043a\u0442\u043d\u044b\u0439 \u0441\u0435\u043c\u0438\u043d\u0430\u0440 (1 \u043a\u0443\u0440\u0441) (\u0440\u0443\u0441)", "kindOfWork": "\u041d\u0430\u0443\u0447\u043d\u043e-\u0438\u0441\u0441\u043b\u0435\u0434\u043e\u0432\u0430\u0442\u0435\u043b\u044c\u0441\u043a\u0438\u0439 \u0441\u0435\u043c\u0438\u043d\u0430\u0440 on-line", "lecturer": "\u0434\u043e\u0446. \u041a\u043e\u0440\u043e\u043b\u0435\u0432 \u0414\u0435\u043d\u0438\u0441 \u0410\u043b\u0435\u043a\u0441\u0430\u043d\u0434\u0440\u043e\u0432\u0438\u0447", "classTime": "18:10-19:30"}, {"members": ["dbashinskiy@miem.hse.ru", "kamatanov@miem.hse.ru", "pigromova@miem.hse.ru", "aiafonin_1@miem.hse.ru", "mmkolpakov@miem.hse.ru", "astuytsyn@miem.hse.ru", "vvmelnichenko@miem.hse.ru", "eigaliakhmedov@miem.hse.ru", "aaesetov@miem.hse.ru", "yansavin@miem.hse.ru", "dafetisov@miem.hse.ru", "aikatsnelson@miem.hse.ru", "tdrykova@miem.hse.ru", "arzamaliev@miem.hse.ru", "pschuyan@miem.hse.ru", "isulanova@miem.hse.ru", "gkmakotchenko@miem.hse.ru", "kamedvedev@miem.hse.ru", "kkgaluzina@miem.hse.ru", "prybakov@miem.hse.ru", "adshatskiy@miem.hse.ru", "pdblinov@miem.hse.ru", "makofanova@miem.hse.ru", "eashaymardanov@miem.hse.ru", "naproshak@miem.hse.ru", "vonikitin@miem.hse.ru", "vvgorovoy@miem.hse.ru", "gapisarev@miem.hse.ru", "fvkamenev@miem.hse.ru", "ryudyakonov@miem.hse.ru", "apmarkin@miem.hse.ru", "limiroshnichenko@miem.hse.ru", "dvpalukha@miem.hse.ru", "tzhayrapetyan@miem.hse.ru", "agsayfulin@miem.hse.ru", "ddrustamova@miem.hse.ru", "pazaderey@miem.hse.ru", "npgoncharov@miem.hse.ru", "pmfeklistova@miem.hse.ru", "dvkostikov@miem.hse.ru", "vaogay@miem.hse.ru", "niosintsev@miem.hse.ru", "nseliseev@miem.hse.ru", "nzakimov@miem.hse.ru", "vssargsyan@miem.hse.ru", "kvprokudina@miem.hse.ru", "isglukhov@miem.hse.ru", "fdkuzenkov@miem.hse.ru", "dprusnak@miem.hse.ru", "dkorolev@miem.hse.ru", "avsolomenko@miem.hse.ru", "idprodma@miem.hse.ru", "dskostrov@miem.hse.ru"], "maxSync": 41, "maxSession": 80, "stream": "\u041f\u0421_\u04112020_\u0418\u0412\u0422\u0425_3#\u0413#\u041f\u0440\u043e\u0435\u043a\u0442\u043d\u044b\u0439 \u0441\u0435\u043c\u0438\u043d\u0430\u0440 (1 \u043a\u0443\u0440\u0441)", "discipline": "\u041f\u0440\u043e\u0435\u043a\u0442\u043d\u044b\u0439 \u0441\u0435\u043c\u0438\u043d\u0430\u0440 (1 \u043a\u0443\u0440\u0441) (\u0440\u0443\u0441)", "kindOfWork": "\u041d\u0430\u0443\u0447\u043d\u043e-\u0438\u0441\u0441\u043b\u0435\u0434\u043e\u0432\u0430\u0442\u0435\u043b\u044c\u0441\u043a\u0438\u0439 \u0441\u0435\u043c\u0438\u043d\u0430\u0440 on-line", "lecturer": "\u0434\u043e\u0446. \u041a\u043e\u0440\u043e\u043b\u0435\u0432 \u0414\u0435\u043d\u0438\u0441 \u0410\u043b\u0435\u043a\u0441\u0430\u043d\u0434\u0440\u043e\u0432\u0438\u0447", "classTime": "19:40-21:00"}]}]}, {"_id": "60585412ecfde9eedd50dcc5", "date": "2021-03-18", "auditoriums": [{"name": "607", "classes": [{"members": ["amrylnikov@miem.hse.ru", "asrakina@miem.hse.ru", "esbelyakova@miem.hse.ru", "aapastukhova@miem.hse.ru", "fopozdnyakov@miem.hse.ru", "aaschupak@miem.hse.ru", "vmloskutov@miem.hse.ru", "aisavinov@miem.hse.ru", "ntrubochkina@miem.hse.ru", "iasizykh@miem.hse.ru", "avkolchanova@miem.hse.ru"], "maxSync": 10, "maxSession": 80, "stream": "\u041f\u0421_\u04112020_\u0418\u0412\u0422\u0425_6#\u0413#\u041f\u0440\u043e\u0435\u043a\u0442\u043d\u044b\u0439 \u0441\u0435\u043c\u0438\u043d\u0430\u0440 (1 \u043a\u0443\u0440\u0441)", "discipline": "\u041f\u0440\u043e\u0435\u043a\u0442\u043d\u044b\u0439 \u0441\u0435\u043c\u0438\u043d\u0430\u0440 (1 \u043a\u0443\u0440\u0441) (\u0440\u0443\u0441)", "kindOfWork": "\u041d\u0430\u0443\u0447\u043d\u043e-\u0438\u0441\u0441\u043b\u0435\u0434\u043e\u0432\u0430\u0442\u0435\u043b\u044c\u0441\u043a\u0438\u0439 \u0441\u0435\u043c\u0438\u043d\u0430\u0440", "lecturer": "\u043f\u0440\u0435\u043f. \u0420\u044b\u0431\u0430\u043a\u043e\u0432 \u041f\u0435\u0442\u0440 \u0412\u043b\u0430\u0434\u0438\u043c\u0438\u0440\u043e\u0432\u0438\u0447", "classTime": "16:20-17:40"}]}]}, {"_id": "6059a1384d49b8c9595e4989", "date": "2021-03-22", "auditoriums": [{"name": "312", "classes": [{"members": ["esaleshina_1@miem.hse.ru", "iatarasenko@miem.hse.ru", "saloshkarev@miem.hse.ru", "kamalyshkina@miem.hse.ru", "aalimonov_2@miem.hse.ru", "dkorolev@miem.hse.ru", "aspivovarov@miem.hse.ru", "prybakov@miem.hse.ru", "mdsamorodin@miem.hse.ru", "aepodguk@miem.hse.ru", "imgusev@miem.hse.ru", "sdastashov@miem.hse.ru", "vdmakagonova@miem.hse.ru", "aalapin_2@miem.hse.ru", "pagavrilova@miem.hse.ru", "maisakov@miem.hse.ru", "drgaynelyanov@miem.hse.ru", "ifaglyamov@miem.hse.ru", "vyugorbacheva@miem.hse.ru", "nakonchits@miem.hse.ru", "dmbobrova@miem.hse.ru", "svsoldatov@miem.hse.ru", "askurganskaya_1@miem.hse.ru", "aagorbuntsov@miem.hse.ru", "serakhmankulova@miem.hse.ru", "ssavdeyuk@miem.hse.ru", "aooschepkov@miem.hse.ru", "mvsennikov@miem.hse.ru", "yaamoskalenko@miem.hse.ru", "aakravtsov@miem.hse.ru", "dmkanukov@miem.hse.ru", "yaoaleksashkin@miem.hse.ru", "dakorolev_1@miem.hse.ru", "narybakovskiy@miem.hse.ru", "gstsaturyan@miem.hse.ru", "esmarkova_1@miem.hse.ru", "dgkomarov@miem.hse.ru"], "maxSync": 32, "maxSession": 80, "stream": "\u041f\u0421_\u04112020_\u0418\u0412\u0422\u0425_4#\u0413#\u041f\u0440\u043e\u0435\u043a\u0442\u043d\u044b\u0439 \u0441\u0435\u043c\u0438\u043d\u0430\u0440 (1 \u043a\u0443\u0440\u0441)", "discipline": "\u041f\u0440\u043e\u0435\u043a\u0442\u043d\u044b\u0439 \u0441\u0435\u043c\u0438\u043d\u0430\u0440 (1 \u043a\u0443\u0440\u0441) (\u0440\u0443\u0441)", "kindOfWork": "\u041d\u0430\u0443\u0447\u043d\u043e-\u0438\u0441\u0441\u043b\u0435\u0434\u043e\u0432\u0430\u0442\u0435\u043b\u044c\u0441\u043a\u0438\u0439 \u0441\u0435\u043c\u0438\u043d\u0430\u0440", "lecturer": "\u043f\u0440\u0435\u043f. \u0420\u044b\u0431\u0430\u043a\u043e\u0432 \u041f\u0435\u0442\u0440 \u0412\u043b\u0430\u0434\u0438\u043c\u0438\u0440\u043e\u0432\u0438\u0447", "classTime": "16:20-17:40"}, {"members": ["nzakimov@miem.hse.ru", "msonuchin@miem.hse.ru", "daryabova@miem.hse.ru", "kagordeeva_1@miem.hse.ru", "maanisimov_1@miem.hse.ru", "aenepomnyaschiy@miem.hse.ru", "vonikitin@miem.hse.ru", "ssmassoud@miem.hse.ru", "maternov@miem.hse.ru", "evdruschenko@miem.hse.ru", "dkorolev@miem.hse.ru", "nrzhdanova@miem.hse.ru", "aiafonin_1@miem.hse.ru", "kdfrolov@miem.hse.ru", "rigarayshin@miem.hse.ru", "prybakov@miem.hse.ru", "vvgorovoy@miem.hse.ru", "gvvasilev_2@miem.hse.ru", "aschuvaeva_1@miem.hse.ru", "dsyaschenko@miem.hse.ru", "mdsamorodin@miem.hse.ru", "mdkolodin@miem.hse.ru", "matarasova_7@miem.hse.ru", "savoronova@miem.hse.ru", "eashabalin@miem.hse.ru", "dskostrov@miem.hse.ru", "kamedvedev@miem.hse.ru", "ddrustamova@miem.hse.ru", "dbashinskiy@miem.hse.ru", "dvpalukha@miem.hse.ru", "kamatanov@miem.hse.ru", "limiroshnichenko@miem.hse.ru", "gapisarev@miem.hse.ru", "adandronchev@miem.hse.ru", "amsheynkin@miem.hse.ru", "rrnasyrova@miem.hse.ru", "makofanova@miem.hse.ru", "tzhayrapetyan@miem.hse.ru", "astuytsyn@miem.hse.ru", "inbarulin@miem.hse.ru", "niboblak@miem.hse.ru", "isglukhov@miem.hse.ru", "aamarkin_4@miem.hse.ru", "avkalyuzhnyy_1@miem.hse.ru", "aafadeeva_4@miem.hse.ru", "msskriplyonok@miem.hse.ru", "fvkamenev@miem.hse.ru"], "maxSync": 46, "maxSession": 80, "stream": "\u041f\u0421_\u04112020_\u0418\u0412\u0422\u0425_2#\u0413#\u041f\u0440\u043e\u0435\u043a\u0442\u043d\u044b\u0439 \u0441\u0435\u043c\u0438\u043d\u0430\u0440 (1 \u043a\u0443\u0440\u0441)", "discipline": "\u041f\u0440\u043e\u0435\u043a\u0442\u043d\u044b\u0439 \u0441\u0435\u043c\u0438\u043d\u0430\u0440 (1 \u043a\u0443\u0440\u0441) (\u0440\u0443\u0441)", "kindOfWork": "\u041d\u0430\u0443\u0447\u043d\u043e-\u0438\u0441\u0441\u043b\u0435\u0434\u043e\u0432\u0430\u0442\u0435\u043b\u044c\u0441\u043a\u0438\u0439 \u0441\u0435\u043c\u0438\u043d\u0430\u0440 on-line", "lecturer": "\u0434\u043e\u0446. \u041a\u043e\u0440\u043e\u043b\u0435\u0432 \u0414\u0435\u043d\u0438\u0441 \u0410\u043b\u0435\u043a\u0441\u0430\u043d\u0434\u0440\u043e\u0432\u0438\u0447", "classTime": "18:10-19:30"}, {"members": ["msonuchin@miem.hse.ru", "nzakimov@miem.hse.ru", "daryabova@miem.hse.ru", "apmarkin@miem.hse.ru", "vonikitin@miem.hse.ru", "pdblinov@miem.hse.ru", "aaesetov@miem.hse.ru", "aalimonov_2@miem.hse.ru", "dkorolev@miem.hse.ru", "aiafonin_1@miem.hse.ru", "ryudyakonov@miem.hse.ru", "aachirukhina@miem.hse.ru", "dafetisov@miem.hse.ru", "dvkostikov@miem.hse.ru", "prybakov@miem.hse.ru", "vvgorovoy@miem.hse.ru", "aschuvaeva_1@miem.hse.ru", "pigromova@miem.hse.ru", "dsyaschenko@miem.hse.ru", "vvmelnichenko@miem.hse.ru", "dabarkin@miem.hse.ru", "mdkolodin@miem.hse.ru", "matarasova_7@miem.hse.ru", "eashabalin@miem.hse.ru", "teprotasov@miem.hse.ru", "idprodma@miem.hse.ru", "ddrustamova@miem.hse.ru", "tdrykova@miem.hse.ru", "kamatanov@miem.hse.ru", "eigaliakhmedov@miem.hse.ru", "limiroshnichenko@miem.hse.ru", "dvpalukha@miem.hse.ru", "mmkolpakov@miem.hse.ru", "fdkuzenkov@miem.hse.ru", "pschuyan@miem.hse.ru", "avsolomenko@miem.hse.ru", "drmanyakin@miem.hse.ru", "gapisarev@miem.hse.ru", "yansavin@miem.hse.ru", "naproshak@miem.hse.ru", "arzamaliev@miem.hse.ru", "agsayfulin@miem.hse.ru", "amsheynkin@miem.hse.ru", "adshatskiy@miem.hse.ru", "makofanova@miem.hse.ru", "kkgaluzina@miem.hse.ru", "makulko@miem.hse.ru", "pazaderey@miem.hse.ru", "kvprokudina@miem.hse.ru", "imsalikhov@miem.hse.ru", "kvloskutov@miem.hse.ru", "dprusnak@miem.hse.ru", "pmfeklistova@miem.hse.ru", "astuytsyn@miem.hse.ru", "aikatsnelson@miem.hse.ru", "eashaymardanov@miem.hse.ru", "vaogay@miem.hse.ru", "vssargsyan@miem.hse.ru", "nvkuznetsov_3@miem.hse.ru", "isglukhov@miem.hse.ru", "isulanova@miem.hse.ru", "aafadeeva_4@miem.hse.ru", "msskriplyonok@miem.hse.ru", "niosintsev@miem.hse.ru", "fvkamenev@miem.hse.ru"], "maxSync": 40, "maxSession": 80, "stream": "\u041f\u0421_\u04112020_\u0418\u0412\u0422\u0425_3#\u0413#\u041f\u0440\u043e\u0435\u043a\u0442\u043d\u044b\u0439 \u0441\u0435\u043c\u0438\u043d\u0430\u0440 (1 \u043a\u0443\u0440\u0441)", "discipline": "\u041f\u0440\u043e\u0435\u043a\u0442\u043d\u044b\u0439 \u0441\u0435\u043c\u0438\u043d\u0430\u0440 (1 \u043a\u0443\u0440\u0441) (\u0440\u0443\u0441)", "kindOfWork": "\u041d\u0430\u0443\u0447\u043d\u043e-\u0438\u0441\u0441\u043b\u0435\u0434\u043e\u0432\u0430\u0442\u0435\u043b\u044c\u0441\u043a\u0438\u0439 \u0441\u0435\u043c\u0438\u043d\u0430\u0440 on-line", "lecturer": "\u0434\u043e\u0446. \u041a\u043e\u0440\u043e\u043b\u0435\u0432 \u0414\u0435\u043d\u0438\u0441 \u0410\u043b\u0435\u043a\u0441\u0430\u043d\u0434\u0440\u043e\u0432\u0438\u0447", "classTime": "19:40-21:00"}]}]}]